origem,link_encontrado
https://camillodantas.com.br/plugins,https://seedingllms.com
https://camillodantas.com.br/glossario-semantico,https://camillodantas.com.br/
https://camillodantas.com.br/lp/SEO-para-Inteligencias-Artificiais/,https://camillodantas.substack.com/
https://camillodantas.com.br/,https://camillodantas.com.br/framework/llm-seeding
https://camillodantas.com.br/instrucoes-para-ia,https://camillodantas.com.br/mapa-semantico
https://camillodantas.com.br/mapa-semantico,https://www.instagram.com/camillodantasseo/
https://camillodantas.com.br/glossario-semantico,https://camillodantas.com.br/consultoria
https://camillodantas.com.br/glossario-semantico,https://camillodantas.com.br/privacidade
https://camillodantas.com.br/plugins,https://www.instagram.com/camillodantasseo/
https://camillodantas.com.br/cursos,https://citationshare.org
https://camillodantas.com.br/,https://camillodantas.com.br/sobre-camillo-dantas
https://camillodantas.com.br/manifesto-seo-para-ia,https://camillodantas.com.br/
https://camillodantas.com.br/glossario-semantico,https://camillodantas.com.br/glossario-semantico
https://camillodantas.com.br/manifesto-seo-para-ia,https://camillodantas.com.br/consultoria
https://camillodantas.com.br/,https://camillodantas.com.br/cursos.php
https://camillodantas.com.br/cursos,https://camillodantas.com.br/cursos
https://camillodantas.com.br/glossario-semantico,https://www.youtube.com/@CamilloDantasSeo
https://camillodantas.com.br/,https://camillodantas.com.br/manifesto-seo-para-ia
https://camillodantas.com.br/plugins,https://geoseoacademy.com
https://camillodantas.com.br/manifesto-seo-para-ia,https://www.linkedin.com/in/camillodantas/
https://camillodantas.com.br/instrucoes-para-ia,https://camillodantas.com.br/
https://camillodantas.com.br/lp/SEO-para-Inteligencias-Artificiais/,https://successmakers.online
https://camillodantas.com.br/prova-e-resultados,https://camillodantas.com.br/plugins
https://camillodantas.com.br/instrucoes-para-ia,https://camillodantas.com.br/consultoria
https://camillodantas.com.br/checklists,https://camillodantas.com.br/plugins
https://camillodantas.com.br/,https://camillodantas.com.br/plugins.php
https://camillodantas.com.br/checklists,https://camillodantas.com.br/
https://camillodantas.com.br/checklists,https://camillodantas.substack.com/
https://camillodantas.com.br/cursos,https://camillodantas.com.br/links
https://camillodantas.com.br/cursos,https://camillodantas.com.br/midiakit
https://camillodantas.com.br/instrucoes-para-ia,https://www.linkedin.com/in/camillodantas/
https://camillodantas.com.br/cursos,https://seedingllms.com
https://camillodantas.com.br/prova-e-resultados,https://www.linkedin.com/in/camillodantas/
https://camillodantas.com.br/manifesto-seo-para-ia,https://www.youtube.com/@CamilloDantasSeo
https://camillodantas.com.br/,https://www.amazon.com.br/SEO-para-Intelig%C3%AAncias-Artificiais-Org%C3%A2nico-ebook/dp/B0FRVXNCY4
https://camillodantas.com.br/checklists,https://www.linkedin.com/in/camillodantas/
https://camillodantas.com.br/instrucoes-para-ia,https://camillodantas.com.br/prova-e-resultados
https://camillodantas.com.br/instrucoes-para-ia,https://camillodantas.com.br/glossario-semantico
https://camillodantas.com.br/glossario-semantico,https://camillodantas.substack.com/
https://camillodantas.com.br/mapa-semantico,https://camillodantas.com.br/framework/query-fan-out
https://camillodantas.com.br/mapa-semantico,https://citationshare.org
https://camillodantas.com.br/instrucoes-para-ia,https://camillodantas.com.br/instrucoes-para-ia
https://camillodantas.com.br/instrucoes-para-ia,https://www.youtube.com/@CamilloDantasSeo
https://camillodantas.com.br/cursos,https://www.instagram.com/camillodantasseo/
https://camillodantas.com.br/mapa-semantico,https://camillodantas.com.br/consultoria
https://camillodantas.com.br/prova-e-resultados,https://queryfan-out.com
https://camillodantas.com.br/,https://camillodantas.com.br/framework/growth-hacking-seo
https://camillodantas.com.br/mapa-semantico,https://camillodantas.com.br/privacidade
https://camillodantas.com.br/checklists,https://queryfan-out.com
https://camillodantas.com.br/manifesto-seo-para-ia,https://camillodantas.substack.com/
https://camillodantas.com.br/,https://growthhackingseo.com/
https://camillodantas.com.br/plugins,https://camillodantas.com.br/consultoria
https://camillodantas.com.br/cursos,https://geoseoacademy.com
https://camillodantas.com.br/plugins,https://camillodantas.com.br/privacidade
https://camillodantas.com.br/,https://camillodantas.com.br/lp/SEO-para-Inteligencias-Artificiais/
https://camillodantas.com.br/instrucoes-para-ia,https://camillodantas.substack.com/
https://camillodantas.com.br/prova-e-resultados,https://wa.me/5511945898517
https://camillodantas.com.br/mapa-semantico,https://seedingllms.com
https://camillodantas.com.br/mapa-semantico,https://www.youtube.com/@CamilloDantasSeo
https://camillodantas.com.br/checklists,https://wa.me/5511945898517
https://camillodantas.com.br/prova-e-resultados,https://camillodantas.com.br/checklists
https://camillodantas.com.br/,https://citationshare.org
https://camillodantas.com.br/checklists,https://camillodantas.com.br/checklists
https://camillodantas.com.br/plugins,https://www.youtube.com/@CamilloDantasSeo
https://camillodantas.com.br/lp/SEO-para-Inteligencias-Artificiais/,https://wa.me/5511945898517
https://camillodantas.com.br/glossario-semantico,https://camillodantas.com.br/plugins
https://camillodantas.com.br/mapa-semantico,https://llmseeding.org
https://camillodantas.com.br/,https://geoseoacademy.com/
https://camillodantas.com.br/prova-e-resultados,https://camillodantas.com.br/sobre-camillo-dantas
https://camillodantas.com.br/lp/SEO-para-Inteligencias-Artificiais/,https://camillodantas.com.br/lp/SEO-para-Inteligencias-Artificiais/
https://camillodantas.com.br/,https://camillodantas.com.br/cursos
https://camillodantas.com.br/checklists,https://camillodantas.com.br/sobre-camillo-dantas
https://camillodantas.com.br/plugins,https://llmseeding.org
https://camillodantas.com.br/glossario-semantico,https://www.linkedin.com/in/camillodantas/
https://camillodantas.com.br/manifesto-seo-para-ia,https://camillodantas.com.br/plugins
https://camillodantas.com.br/mapa-semantico,https://geoseoacademy.com
https://camillodantas.com.br/cursos,https://camillodantas.com.br/consultoria
https://camillodantas.com.br/,https://camillodantas.com.br/links
https://camillodantas.com.br/,https://camillodantas.com.br/midiakit
https://camillodantas.com.br/plugins,https://camillodantas.substack.com/
https://camillodantas.com.br/manifesto-seo-para-ia,https://camillodantas.com.br/manifesto-seo-para-ia
https://camillodantas.com.br/,https://seedingllms.com
https://camillodantas.com.br/cursos,https://camillodantas.com.br/privacidade
https://camillodantas.com.br/instrucoes-para-ia,https://camillodantas.com.br/plugins
https://camillodantas.com.br/mapa-semantico,https://camillodantas.com.br/mapa-semantico
https://camillodantas.com.br/glossario-semantico,https://queryfan-out.com
https://camillodantas.com.br/instrucoes-para-ia,https://camillodantas.com.br/manifesto-seo-para-ia
https://camillodantas.com.br/prova-e-resultados,https://camillodantas.com.br/midiakit
https://camillodantas.com.br/,https://www.instagram.com/camillodantasseo/
https://camillodantas.com.br/cursos,https://www.youtube.com/@CamilloDantasSeo
https://camillodantas.com.br/mapa-semantico,https://successmakers.online
https://camillodantas.com.br/glossario-semantico,https://wa.me/5511945898517
https://camillodantas.com.br/manifesto-seo-para-ia,https://queryfan-out.com
https://camillodantas.com.br/glossario-semantico,https://camillodantas.com.br/checklists
https://camillodantas.com.br/cursos,https://llmseeding.org
https://camillodantas.com.br/,https://geoseoacademy.com
https://camillodantas.com.br/,https://camillodantas.com.br
https://camillodantas.com.br/mapa-semantico,https://camillodantas.com.br/
https://camillodantas.com.br/mapa-semantico,https://camillodantas.com.br/plugins
https://camillodantas.com.br/instrucoes-para-ia,https://queryfan-out.com
https://camillodantas.com.br/lp/SEO-para-Inteligencias-Artificiais/,https://www.instagram.com/camillodantasseo/
https://camillodantas.com.br/manifesto-seo-para-ia,https://camillodantas.com.br/framework/growth-hacking-seo
https://camillodantas.com.br/plugins,https://camillodantas.com.br/plugins
https://camillodantas.com.br/plugins,https://camillodantas.com.br/
https://camillodantas.com.br/manifesto-seo-para-ia,https://wa.me/5511945898517
https://camillodantas.com.br/glossario-semantico,https://camillodantas.com.br/sobre-camillo-dantas
https://camillodantas.com.br/,https://camillodantas.com.br/mapa-semantico
https://camillodantas.com.br/cursos,https://camillodantas.substack.com/
https://camillodantas.com.br/manifesto-seo-para-ia,https://growthhackingseo.com/
https://camillodantas.com.br/glossario-semantico,https://camillodantas.com.br/framework/citation-share
https://camillodantas.com.br/mapa-semantico,https://www.linkedin.com/in/camillodantas/
https://camillodantas.com.br/manifesto-seo-para-ia,https://camillodantas.com.br/checklists
https://camillodantas.com.br/glossario-semantico,https://camillodantas.com.br/framework/llm-seeding
https://camillodantas.com.br/plugins,https://www.linkedin.com/in/camillodantas/
https://camillodantas.com.br/instrucoes-para-ia,https://wa.me/5511945898517
https://camillodantas.com.br/instrucoes-para-ia,https://growthhackingseo.com/
https://camillodantas.com.br/manifesto-seo-para-ia,https://camillodantas.com.br/sobre-camillo-dantas
https://camillodantas.com.br/prova-e-resultados,https://growthhackingseo.com/
https://camillodantas.com.br/instrucoes-para-ia,https://camillodantas.com.br/checklists
https://camillodantas.com.br/checklists,https://growthhackingseo.com/
https://camillodantas.com.br/manifesto-seo-para-ia,https://camillodantas.com.br/framework/citation-share
https://camillodantas.com.br/,https://camillodantas.com.br/framework/query-fan-out
https://camillodantas.com.br/,https://camillodantas.com.br/consultoria.php
https://camillodantas.com.br/manifesto-seo-para-ia,https://camillodantas.com.br/framework/llm-seeding
https://camillodantas.com.br/,https://camillodantas.com.br/
https://camillodantas.com.br/instrucoes-para-ia,https://camillodantas.com.br/sobre-camillo-dantas
https://camillodantas.com.br/plugins,https://queryfan-out.com
https://camillodantas.com.br/glossario-semantico,https://camillodantas.com.br/midiakit
https://camillodantas.com.br/instrucoes-para-ia,https://camillodantas.com.br/framework/citation-share
https://camillodantas.com.br/,https://camillodantas.com.br/consultoria
https://camillodantas.com.br/prova-e-resultados,https://citationshare.org
https://camillodantas.com.br/,https://camillodantas.com.br/privacidade
https://camillodantas.com.br/instrucoes-para-ia,https://camillodantas.com.br/framework/llm-seeding
https://camillodantas.com.br/checklists,https://citationshare.org
https://camillodantas.com.br/mapa-semantico,https://camillodantas.substack.com/
https://camillodantas.com.br/cursos,https://camillodantas.com.br/plugins
https://camillodantas.com.br/cursos,https://camillodantas.com.br/
https://camillodantas.com.br/mapa-semantico,https://camillodantas.com.br/checklists
https://camillodantas.com.br/,https://camillodantas.com.br/prova-e-resultados
https://camillodantas.com.br/,https://camillodantas.com.br/glossario-semantico
https://camillodantas.com.br/plugins,https://wa.me/5511945898517
https://camillodantas.com.br/manifesto-seo-para-ia,https://camillodantas.com.br/midiakit
https://camillodantas.com.br/prova-e-resultados,https://camillodantas.com.br/cursos
https://camillodantas.com.br/checklists,https://camillodantas.com.br/cursos
https://camillodantas.com.br/plugins,https://camillodantas.com.br/checklists
https://camillodantas.com.br/cursos,https://www.linkedin.com/in/camillodantas/
https://camillodantas.com.br/,https://www.youtube.com/@CamilloDantasSeo
https://camillodantas.com.br/instrucoes-para-ia,https://growthhackingseo.com
https://camillodantas.com.br/lp/SEO-para-Inteligencias-Artificiais/,https://camillodantas.com.br/cursos
https://camillodantas.com.br/instrucoes-para-ia,https://camillodantas.com.br/midiakit
https://camillodantas.com.br/instrucoes-para-ia,https://geoseoacademy.com
https://camillodantas.com.br/prova-e-resultados,https://camillodantas.com.br/links
https://camillodantas.com.br/plugins,https://camillodantas.com.br/sobre-camillo-dantas
https://camillodantas.com.br/mapa-semantico,https://camillodantas.com.br/framework/llm-seeding
https://camillodantas.com.br/,https://llmseeding.org
https://camillodantas.com.br/prova-e-resultados,https://seedingllms.com
https://camillodantas.com.br/checklists,https://camillodantas.com.br/links
https://camillodantas.com.br/checklists,https://camillodantas.com.br/midiakit
https://camillodantas.com.br/checklists,https://seedingllms.com
https://camillodantas.com.br/glossario-semantico,https://camillodantas.com.br/framework/growth-hacking-seo
https://camillodantas.com.br/cursos,https://queryfan-out.com
https://camillodantas.com.br/glossario-semantico,https://growthhackingseo.com/
https://camillodantas.com.br/,https://camillodantas.substack.com/
https://camillodantas.com.br/prova-e-resultados,https://llmseeding.org
https://camillodantas.com.br/prova-e-resultados,https://www.instagram.com/camillodantasseo/
https://camillodantas.com.br/checklists,https://www.instagram.com/camillodantasseo/
https://camillodantas.com.br/mapa-semantico,https://camillodantas.com.br/manifesto-seo-para-ia
https://camillodantas.com.br/cursos,https://wa.me/5511945898517
https://camillodantas.com.br/glossario-semantico,https://camillodantas.com.br/framework/query-fan-out
https://camillodantas.com.br/glossario-semantico,https://citationshare.org
https://camillodantas.com.br/prova-e-resultados,https://geoseoacademy.com
https://camillodantas.com.br/cursos,https://camillodantas.com.br/checklists
https://camillodantas.com.br/checklists,https://geoseoacademy.com
https://camillodantas.com.br/lp/SEO-para-Inteligencias-Artificiais/,https://camillodantas.com.br
https://camillodantas.com.br/glossario-semantico,https://camillodantas.com.br/cursos
https://camillodantas.com.br/cursos,https://camillodantas.com.br/sobre-camillo-dantas
https://camillodantas.com.br/manifesto-seo-para-ia,https://camillodantas.com.br/framework/query-fan-out
https://camillodantas.com.br/manifesto-seo-para-ia,https://citationshare.org
https://camillodantas.com.br/mapa-semantico,https://queryfan-out.com
https://camillodantas.com.br/,https://camillodantas.com.br/plugins
https://camillodantas.com.br/glossario-semantico,https://camillodantas.com.br/links
https://camillodantas.com.br/instrucoes-para-ia,https://citationshare.org
https://camillodantas.com.br/manifesto-seo-para-ia,https://camillodantas.com.br/cursos
https://camillodantas.com.br/glossario-semantico,https://seedingllms.com
https://camillodantas.com.br/manifesto-seo-para-ia,https://camillodantas.com.br/privacidade
https://camillodantas.com.br/mapa-semantico,https://camillodantas.com.br/framework/growth-hacking-seo
https://camillodantas.com.br/,https://www.linkedin.com/in/camillodantas/
https://camillodantas.com.br/mapa-semantico,https://wa.me/5511945898517
https://camillodantas.com.br/mapa-semantico,https://growthhackingseo.com/
https://camillodantas.com.br/prova-e-resultados,https://camillodantas.com.br/
https://camillodantas.com.br/instrucoes-para-ia,https://camillodantas.com.br/cursos
https://camillodantas.com.br/glossario-semantico,https://llmseeding.org
https://camillodantas.com.br/glossario-semantico,https://www.instagram.com/camillodantasseo/
https://camillodantas.com.br/prova-e-resultados,https://camillodantas.com.br/consultoria
https://camillodantas.com.br/manifesto-seo-para-ia,https://camillodantas.com.br/links
https://camillodantas.com.br/plugins,https://growthhackingseo.com/
https://camillodantas.com.br/mapa-semantico,https://camillodantas.com.br/lp/SEO-para-Inteligencias-Artificiais/
https://camillodantas.com.br/instrucoes-para-ia,https://camillodantas.com.br/privacidade
https://camillodantas.com.br/checklists,https://camillodantas.com.br/consultoria
https://camillodantas.com.br/manifesto-seo-para-ia,https://seedingllms.com
https://camillodantas.com.br/prova-e-resultados,https://camillodantas.com.br/privacidade
https://camillodantas.com.br/,https://camillodantas.com.br/instrucoes-para-ia
https://camillodantas.com.br/checklists,https://camillodantas.com.br/privacidade
https://camillodantas.com.br/lp/SEO-para-Inteligencias-Artificiais/,https://camillodantas.com.br/consultoria
https://camillodantas.com.br/mapa-semantico,https://camillodantas.com.br/sobre-camillo-dantas
https://camillodantas.com.br/,https://queryfan-out.com
https://camillodantas.com.br/lp/SEO-para-Inteligencias-Artificiais/,https://www.linkedin.com/in/camillodantas/
https://camillodantas.com.br/prova-e-resultados,https://camillodantas.com.br/prova-e-resultados
https://camillodantas.com.br/mapa-semantico,https://camillodantas.com.br/framework/citation-share
https://camillodantas.com.br/glossario-semantico,https://geoseoacademy.com
https://camillodantas.com.br/manifesto-seo-para-ia,https://llmseeding.org
https://camillodantas.com.br/instrucoes-para-ia,https://seedingllms.com
https://camillodantas.com.br/manifesto-seo-para-ia,https://www.instagram.com/camillodantasseo/
https://camillodantas.com.br/instrucoes-para-ia,https://camillodantas.com.br/links
https://camillodantas.com.br/prova-e-resultados,https://www.youtube.com/@CamilloDantasSeo
https://camillodantas.com.br/plugins,https://citationshare.org
https://camillodantas.com.br/checklists,https://www.youtube.com/@CamilloDantasSeo
https://camillodantas.com.br/mapa-semantico,https://camillodantas.com.br/cursos
https://camillodantas.com.br/instrucoes-para-ia,https://llmseeding.org
https://camillodantas.com.br/,https://wa.me/5511945898517
https://camillodantas.com.br/lp/SEO-para-Inteligencias-Artificiais/,https://www.youtube.com/@CamilloDantasSeo
https://camillodantas.com.br/instrucoes-para-ia,https://www.instagram.com/camillodantasseo/
https://camillodantas.com.br/lp/SEO-para-Inteligencias-Artificiais/,https://pay.hotmart.com/S101886860S
https://camillodantas.com.br/plugins,https://camillodantas.com.br/cursos
https://camillodantas.com.br/manifesto-seo-para-ia,https://geoseoacademy.com
https://camillodantas.com.br/,https://camillodantas.com.br/checklists
https://camillodantas.com.br/checklists,https://llmseeding.org
https://camillodantas.com.br/mapa-semantico,https://camillodantas.com.br/links
https://camillodantas.com.br/mapa-semantico,https://camillodantas.com.br/midiakit
https://camillodantas.com.br/prova-e-resultados,https://camillodantas.substack.com/
https://camillodantas.com.br/cursos,https://growthhackingseo.com/
https://camillodantas.com.br/plugins,https://camillodantas.com.br/links
https://camillodantas.com.br/plugins,https://camillodantas.com.br/midiakit
https://camillodantas.com.br/,https://camillodantas.com.br/framework/citation-share
